Timestamp,Type,Player,Level/Run,Details/Rank,Difficulty,Video
2026-09-14T13:52:00.000Z,RANK_CHANGE,Ladidady,Windy Landscape 68-100%,#54 ➔ #59,demon-insane,
2026-09-14T13:52:00.000Z,RANK_CHANGE,GDxPiano,ReTraY blindfolded,#61 ➔ #95,easy,
2026-09-14T13:52:00.000Z,RANK_CHANGE,OllieCR,Sonic Wave 16%,#58 ➔ #55,demon-extreme,
2026-09-14T13:52:00.000Z,RANK_CHANGE,OllieCR,Sonic Wave 16%,#58 ➔ #55,demon-extreme,
2026-09-14T13:52:00.000Z,RANK_CHANGE,keytoucher1434,Mountain King 64%,#99 ➔ #56,demon-medium,
2026-09-14T13:52:00.000Z,RANK_CHANGE,OllieCR,Sonic Wave 16%,#58 ➔ #55,demon-extreme,
2026-09-14T13:52:00.000Z,RANK_CHANGE,keytoucher1434,Mountain King 64%,#99 ➔ #56,demon-medium,
2026-09-14T13:52:00.000Z,RANK_CHANGE,keytoucher1434,Poltergeist 26%,#65 ➔ #95,demon-insane,
2026-09-15T11:39:00.000Z,RANK_CHANGE,veinti.28,Denouement,#26 ➔ #35,demon-insane,
2026-09-15T11:39:00.000Z,NEW_VERIFICATION,Mestra_Flow,The Lightning Road,#124,demon-easy,
2026-09-15T12:03:00.000Z,NEW_RUN,xArash7,Arcane Ascent 78-100%,#78,demon-insane,
2026-09-15T12:03:00.000Z,RANK_CHANGE,GDxPiano,ReTraY blindfolded,#97 ➔ #79,easy,
2026-09-15T12:03:00.000Z,RANK_CHANGE,keytoucher1434,Poltergeist 26%,#96 ➔ #78,demon-insane,
2026-09-15T12:03:00.000Z,RANK_CHANGE,GDxPiano,ReTraY blindfolded,#97 ➔ #79,easy,
2026-09-15T12:03:00.000Z,RANK_CHANGE,xArash7,Supersonic 65-86%,#98 ➔ #80,demon-insane,
2026-09-15T12:03:00.000Z,RANK_CHANGE,keytoucher1434,Acu 13%,#99 ➔ #81,demon-extreme,
2026-09-15T12:03:00.000Z,RANK_CHANGE,keytoucher1434,Take Two 45%,#100 ➔ #82,demon-medium,
2026-09-15T12:03:00.000Z,RANK_CHANGE,keytoucher1434,Poltergeist 26%,#96 ➔ #78,demon-insane,
2026-09-15T12:03:00.000Z,RANK_CHANGE,GDxPiano,ReTraY blindfolded,#97 ➔ #79,easy,
2026-09-15T12:03:00.000Z,RANK_CHANGE,xArash7,Supersonic 65-86%,#98 ➔ #80,demon-insane,
2026-09-15T12:03:00.000Z,RANK_CHANGE,keytoucher1434,Acu 13%,#99 ➔ #81,demon-extreme,
2026-09-15T12:03:00.000Z,RANK_CHANGE,keytoucher1434,Take Two 45%,#100 ➔ #82,demon-medium,
2026-09-15T12:03:00.000Z,RANK_CHANGE,LShrinkOn,Nine Circles 40%,#101 ➔ #83,demon-hard,
2026-09-15T12:03:00.000Z,RANK_CHANGE,is_that_radders,Change of Scene 2 hands + foot 74-83%,#140 ➔ #84,demon-easy,
2026-09-15T12:03:00.000Z,RANK_CHANGE,alvarolmrr,Fingerdash,#76 ➔ #85,insane,
2026-09-15T12:03:00.000Z,RANK_CHANGE,bloonkbok,Bloodbath 53-71%,#138 ➔ #117,demon-extreme,
2026-09-15T17:29:00.000Z,RANK_CHANGE,keytoucher1434,Poltergeist 26%,#78 ➔ #84,demon-insane,
2026-09-15T18:20:00.000Z,RANK_CHANGE,is_that_radders,Change of Scene 2 hands + foot 74-83%,#83 ➔ #111,demon-easy,
2026-09-17T11:14:00.000Z,NEW_RUN,keytoucher1434,classic 38%,#60,demon-insane,
2026-09-17T11:14:00.000Z,NEW_RUN,keytoucher1434,classic 67-100%,#85,demon-insane,
2026-09-17T11:14:00.000Z,RANK_CHANGE,keytoucher1434,Mountain King 64%,#56 ➔ #45,demon-medium,
2026-09-17T11:27:00.000Z,RANK_CHANGE,OllieCR,Sonic Wave 16%,#56 ➔ #46,demon-extreme,
2026-09-17T11:27:00.000Z,RANK_CHANGE,keytoucher1434,classic 38%,#60 ➔ #47,demon-insane,
2026-09-17T11:27:00.000Z,RANK_CHANGE,keytoucher1434,classic 67-100%,#85 ➔ #81,demon-insane,
2026-09-17T11:27:00.000Z,NEW_RUN,xArash7,Supersonic 51-86%,#57,demon-insane,
2026-09-17T11:27:00.000Z,SUPERSEDED,xArash7,Supersonic 65-86%,OLD,demon-insane,
2026-09-17T11:27:00.000Z,RANK_CHANGE,xArash7,Arcane Ascent 78-100%,#78 ➔ #58,demon-insane,
2026-09-17T11:27:00.000Z,RANK_CHANGE,LShrinkOn,Nine Circles 40%,#84 ➔ #79,demon-hard,
2026-09-17T11:27:00.000Z,RANK_CHANGE,Ladidady,Windy Landscape 68-100%,#61 ➔ #80,demon-insane,
2026-09-17T11:38:00.000Z,RANK_CHANGE,keytoucher1434,classic 67-100%,#82 ➔ #80,demon-insane,
2026-09-17T21:32:00.000Z,NEW_RUN,keytoucher1434,Wasureta 78-97%,#6,demon-extreme,
2026-09-17T21:32:00.000Z,SUPERSEDED,keytoucher1434,Wasureta 78-89%,OLD,demon-extreme,
2026-09-17T21:32:00.000Z,SUPERSEDED,keytoucher1434,Wasureta 88-100%,OLD,demon-extreme,
2026-09-18T19:10:00.000Z,NEW_VICTOR,ogsyst3m,Cant Let Go,#126,hard,
2026-09-18T19:10:00.000Z,NEW_VICTOR,ogsyst3m,Dry Out,#147,normal,
2026-09-18T19:10:00.000Z,NEW_VICTOR,ogsyst3m,Base After Base,#161,hard,
2026-09-18T19:10:00.000Z,NEW_VICTOR,ogsyst3m,Stereo Madness,#205,easy,
2026-09-18T19:10:00.000Z,NEW_VICTOR,ogsyst3m,Back on Track,#231,easy,
2026-09-18T19:24:00.000Z,RANK_CHANGE,LShrinkOn,Nine Circles 40%,#78 ➔ #76,demon-hard,
2026-09-18T19:24:00.000Z,RANK_CHANGE,xArash7,Supersonic 51-86%,#56 ➔ #77,demon-insane,
2026-09-19T14:54:00.000Z,NEW_VICTOR,keytoucher1434,Clutterfunk,#51,insane,
2026-09-21T03:00:00.000Z,NEW_VICTOR,AustinLin12,Stereo Madness,#206,easy,
2026-09-21T03:25:00.000Z,NEW_VICTOR,Elaxerus,Stereo Madness,#221,easy,
2026-09-21T23:35:00.000Z,NEW_VERIFICATION,GDxPiano,FUNHOUSE,#89,insane,
2026-09-21T23:35:00.000Z,RANK_CHANGE,keytoucher1434,Acu 13%,#83 ➔ #111,demon-extreme,
2026-09-21T23:35:00.000Z,NEW_VICTOR,veinti.28,The Seven Seas,#154,easy,
2026-09-21T23:45:00.000Z,NEW_VICTOR,ryanaltf4,Stereo Madness,#224,easy,
2026-09-21T23:45:00.000Z,RANK_CHANGE,jonahbtmusic,Stereo Madness,#192 ➔ #190,easy,
2026-09-21T23:45:00.000Z,RANK_CHANGE,plungeris,Stereo Madness,#199 ➔ #196,easy,
2026-09-21T23:45:00.000Z,RANK_CHANGE,Dowly,Stereo Madness,#201 ➔ #200,easy,
2026-09-21T23:45:00.000Z,RANK_CHANGE,Vegtam,Stereo Madness,#203 ➔ #201,easy,
2026-09-21T23:45:00.000Z,RANK_CHANGE,alvarolmrr,Stereo Madness,#206 ➔ #203,easy,
2026-09-21T23:45:00.000Z,RANK_CHANGE,el.edrida,Stereo Madness,#207 ➔ #204,easy,
2026-09-21T23:45:00.000Z,RANK_CHANGE,PianoXGeometrydash,Stereo Madness,#201 ➔ #207,easy,
2026-09-21T23:45:00.000Z,RANK_CHANGE,aidanplayspiano1,Stereo Madness,#211 ➔ #210,easy,
2026-09-21T23:45:00.000Z,RANK_CHANGE,RowOGD,Stereo Madness,#214 ➔ #209,easy,
2026-09-21T23:45:00.000Z,RANK_CHANGE,ryanhobbiesandfun,Stereo Madness,#215 ➔ #210,easy,
2026-09-21T23:45:00.000Z,RANK_CHANGE,lislpiano,Stereo Madness,#213 ➔ #212,easy,
2026-09-21T23:45:00.000Z,RANK_CHANGE,Elaxerus,Stereo Madness,#223 ➔ #211,easy,
2026-09-21T23:45:00.000Z,RANK_CHANGE,mikeys_piano,Stereo Madness,#222 ➔ #215,easy,
2026-09-21T23:45:00.000Z,RANK_CHANGE,Tutto & Niente by Edo,Stereo Madness,#221 ➔ #217,easy,
2026-09-21T23:45:00.000Z,RANK_CHANGE,ogsyst3m,Back on Track,#237 ➔ #233,easy,
2026-09-21T23:45:00.000Z,RANK_CHANGE,alvarolmrr,Back on Track,#242 ➔ #239,easy,
2026-09-21T23:45:00.000Z,RANK_CHANGE,resonance.society,Back on Track,#239 ➔ #242,easy,
2026-09-21T23:50:00.000Z,RANK_CHANGE,jonahbtmusic,Back on Track,#247 ➔ #245,easy,
2026-09-21T23:50:00.000Z,RANK_CHANGE,Faviero,Back on Track,#246 ➔ #246,easy,
2026-09-22T00:05:00.000Z,NEW_VICTOR,PianoHeroStyles,Stereo Madness,#205,easy,
2026-09-22T00:14:00.000Z,NEW_VICTOR,itsNora__,Stereo Madness,#196,easy,
2026-09-25T11:34:54.395Z,NEW_RUN,keytoucher1434,Wasureta 17-30%,#12,demon-extreme,https://www.tiktok.com/@keytoucher1434/video/7688951396820880670
2026-09-25T11:34:54.395Z,RANK_CHANGE,keytoucher1434,Wasureta 9-25%,#14 ➔ #15,demon-extreme,https://www.tiktok.com/@keytoucher1434/video/7678905199901052191
2026-09-25T12:01:56.128Z,RANK_CHANGE,keytoucher1434,Wasureta 17-30%,#12 ➔ #9,demon-extreme,https://www.tiktok.com/@keytoucher1434/video/7688951396820880670
2026-09-25T12:07:57.503Z,NEW_RUN,keytoucher1434,Wasureta 67-82%,#12,demon-extreme,https://www.tiktok.com/@keytoucher1434/video/7688579016902724894